{
  "baseline": {
    "n": 201,
    "mean_z": 4.445955087145065,
    "median_z": 4.6077278325541835,
    "tpr_at_1pct_fpr": 0.900497512437811
  },
  "word_sub_5pct": {
    "n": 201,
    "mean_z": 3.827912544549639,
    "median_z": 4.12837477233712,
    "tpr_at_1pct_fpr": 0.8507462686567164
  },
  "word_sub_10pct": {
    "n": 201,
    "mean_z": 3.4842765410549044,
    "median_z": 3.671060328818342,
    "tpr_at_1pct_fpr": 0.835820895522388
  },
  "word_sub_15pct": {
    "n": 201,
    "mean_z": 3.27701005798862,
    "median_z": 3.530090432487313,
    "tpr_at_1pct_fpr": 0.7910447761194029
  },
  "word_sub_20pct": {
    "n": 201,
    "mean_z": 2.872124317745563,
    "median_z": 2.9793811989685244,
    "tpr_at_1pct_fpr": 0.7512437810945274
  },
  "token_deletion_10pct": {
    "n": 201,
    "mean_z": 3.7459624943166956,
    "median_z": 3.811918973034873,
    "tpr_at_1pct_fpr": 0.8606965174129353
  },
  "token_insertion_10pct": {
    "n": 201,
    "mean_z": 3.8176651198178964,
    "median_z": 3.986850532556967,
    "tpr_at_1pct_fpr": 0.8606965174129353
  }
}