{
  "baseline": {
    "n": 99,
    "mean_z": 6.581669826139717,
    "median_z": 6.876147688580858,
    "tpr_at_1pct_fpr": 0.9797979797979798
  },
  "word_sub_5pct": {
    "n": 99,
    "mean_z": 5.61902263050676,
    "median_z": 5.741937760567521,
    "tpr_at_1pct_fpr": 0.9595959595959596
  },
  "word_sub_10pct": {
    "n": 99,
    "mean_z": 5.108457556288013,
    "median_z": 5.232590180780451,
    "tpr_at_1pct_fpr": 0.9595959595959596
  },
  "word_sub_15pct": {
    "n": 99,
    "mean_z": 4.565689320923774,
    "median_z": 4.714285714285714,
    "tpr_at_1pct_fpr": 0.9090909090909091
  },
  "word_sub_20pct": {
    "n": 99,
    "mean_z": 4.203160132989111,
    "median_z": 4.324175350550849,
    "tpr_at_1pct_fpr": 0.898989898989899
  },
  "token_deletion_10pct": {
    "n": 99,
    "mean_z": 5.615606749089736,
    "median_z": 5.904737232740294,
    "tpr_at_1pct_fpr": 0.9797979797979798
  },
  "token_insertion_10pct": {
    "n": 99,
    "mean_z": 5.750434156333301,
    "median_z": 6.014062667755425,
    "tpr_at_1pct_fpr": 0.9696969696969697
  }
}