{
  "baseline": {
    "n": 99,
    "mean_z": 6.581669826139717,
    "median_z": 6.876147688580858,
    "tpr_at_1pct_fpr": 0.9797979797979798
  },
  "word_sub_5pct": {
    "n": 99,
    "mean_z": 5.621659763477474,
    "median_z": 5.771011049020681,
    "tpr_at_1pct_fpr": 0.9595959595959596
  },
  "word_sub_10pct": {
    "n": 99,
    "mean_z": 5.15217136551216,
    "median_z": 5.22763858048786,
    "tpr_at_1pct_fpr": 0.9595959595959596
  },
  "word_sub_15pct": {
    "n": 99,
    "mean_z": 4.657649811800651,
    "median_z": 4.772829800675915,
    "tpr_at_1pct_fpr": 0.9191919191919192
  },
  "word_sub_20pct": {
    "n": 99,
    "mean_z": 4.343758240935462,
    "median_z": 4.278406467922596,
    "tpr_at_1pct_fpr": 0.9090909090909091
  },
  "token_deletion_10pct": {
    "n": 99,
    "mean_z": 5.614530776896399,
    "median_z": 5.904737232740294,
    "tpr_at_1pct_fpr": 0.9595959595959596
  },
  "token_insertion_10pct": {
    "n": 99,
    "mean_z": 5.733696323586605,
    "median_z": 5.878915192075528,
    "tpr_at_1pct_fpr": 0.9797979797979798
  },
  "llm_paraphrase": {
    "n": 99,
    "mean_z": 1.2001213692003718,
    "median_z": 0.9370425713316364,
    "tpr_at_1pct_fpr": 0.2727272727272727
  }
}